상,품,명, ,:, ,벨,리,안,-,s,k, ,(,주,문,폭,주,!,)
상,품,명, ,:, ,오,르,에,-,s,k, ,(,주,문,폭,주,!,)
상,품,명, ,:, ,스,테,시,-,s,k, ,(,주,문,폭,주,!,)
상,품,명, ,:, ,미,드,나,잇,-,s,k, ,(,1,만,5,천,장,돌,파,!,)
상,품,명, ,:, ,컨,벤,-,s,k
상,품,명, ,:, ,세,르,니,-,s,k
상,품,명, ,:, ,슈,티,르,-,s,k, ,(,추,천,!, ,주,문,폭,주,!,)
상,품,명, ,:, ,르,엔,므,-,o,p,s
상,품,명, ,:, ,[,♥,1,1,월, ,2,7,일, ,2,3,:,0,0,시,까,지, ,5,%,할,인,♥,], ,하,핀,-,o,p,s
상,품,명, ,:, ,세,르,니,-,s,k
상,품,명, ,:, ,세,딘,느,-,s,k
상,품,명, ,:, ,슈,티,르,-,s,k, ,(,추,천,!, ,주,문,폭,주,!,)
상,품,명, ,:, ,스,테,시,-,s,k, ,(,주,문,폭,주,!,)
상,품,명, ,:, ,오,르,에,-,s,k, ,(,주,문,폭,주,!,)
상,품,명, ,:, ,로,레,나,-,s,e,t
상,품,명, ,:, ,노,티,드,-,s,k
상,품,명, ,:, ,포,르,테,-,s,k, ,(,주,문,폭,주,!,)
상,품,명, ,:, ,오,네,르,-,o,p,s
상,품,명, ,:, ,프,린,츠,-,s,k, ,(,주,문,폭,주,!,)
상,품,명, ,:, ,바,이,넬,-,s,k
상,품,명, ,:, ,벨,리,안,-,s,k, ,(,주,문,폭,주,!,)
상,품,명, ,:, ,미,드,나,잇,-,s,k, ,(,1,만,5,천,장,돌,파,!,)
상,품,명, ,:, ,에,슬,런,-,s,k, ,(,주,문,폭,주,!,)
상,품,명, ,:, ,센,딜,-,s,k, ,(,주,문,폭,주,!,)
상,품,명, ,:, ,토,블,러,-,o,p,s
상,품,명, ,:, ,에,일,르,-,o,p,s, ,(,주,문,폭,주,!,)
상,품,명, ,:, ,컨,벤,-,s,k
상,품,명, ,:, ,멜,리,버,-,s,k
상,품,명, ,:, ,테,느,아,-,o,p,s, ,(,주,문,폭,주,!,)
상,품,명, ,:, ,르,엔,므,-,o,p,s
상,품,명, ,:, ,펠,리,스,-,o,p,s, ,(,단,독,주,문,시, ,당,일,발,송,)
상,품,명, ,:, ,머,베,리,-,s,k, ,(,주,문,폭,주,!,)
상,품,명, ,:, ,아,가,타,-,s,k
상,품,명, ,:, ,아,무,어,-,s,k, ,(,주,문,폭,주,!,)
상,품,명, ,:, ,포,쉬,-,s,k
상,품,명, ,:, ,루,엘,리,-,s,k
상,품,명, ,:, ,[,F,L,Y,.,M,], ,로,그,-,s,k,(,1,5,5,v,e,r,., ,l, ,1,6,5,v,e,r,.,),(,2,천,장,돌,파,!, ,주,문,폭,주,!, ,단,독,주,문,시, ,당,일,발,송,)
상,품,명, ,:, ,라,베,르,-,o,p,s, ,(,주,문,폭,주,!,)
상,품,명, ,:, ,로,메,인,-,o,p,s
상,품,명, ,:, ,포,벨,-,s,k
상,품,명, ,:, ,모,젠,-,s,k, ,(,단,독,주,문,시, ,당,일,발,송,)
상,품,명, ,:, ,로,시,드,-,o,p,s, ,(,단,독,주,문,시, ,당,일,발,송,)
상,품,명, ,:, ,포,러,블,-,k,n,i,t, ,(,주,문,폭,주,!,)
상,품,명, ,:, ,미,드,나,잇,-,s,k, ,(,1,만,5,천,장,돌,파,!,)
상,품,명, ,:, ,리,어,블,-,o,p,s
상,품,명, ,:, ,페,어,블,-,s,k
상,품,명, ,:, ,프,레,딧,-,s,k, ,(,주,문,폭,주,!,)
상,품,명, ,:, ,레,벨,-,s,k, ,(,단,독,주,문,시, ,당,일,발,송,)
