아이스페더 1+1 ,"24,000",//cdn1-aka.makeshop.co.kr/shopimages/xexymix/0050020003872.jpg?1631596470
아이스페더 컴포트 1+1,"24,000",//cdn1-aka.makeshop.co.kr/shopimages/xexymix/0050020007992.jpg?1631597236
모크넥 슬림핏 롱슬리브 1+1,"49,000",//cdn1-aka.makeshop.co.kr/shopimages/xexymix/0050040001752.jpg?1667185370
모크넥 핑거홀 베이직 티셔츠 1+1,"49,000",//cdn1-aka.makeshop.co.kr/shopimages/xexymix/0050040001862.jpg?1666244356
슬림핏 크롭 집업자켓 1+1,"85,000",//cdn1-aka.makeshop.co.kr/shopimages/xexymix/0050010001892.jpg?1663828893
하이디 베이직 브라탑 1+1 ,"49,000",//cdn1-aka.makeshop.co.kr/shopimages/xexymix/0050030004822.jpg?1611822144
코튼라이크 핑거홀 롱슬리브 1+1,"42,000",//cdn1-aka.makeshop.co.kr/shopimages/xexymix/0050040001742.jpg?1664416916
올데이페더 크롭탑 1+1,"27,000",//cdn1-aka.makeshop.co.kr/shopimages/xexymix/0050040000962.jpg?1629351699
모크넥 슬림핏 롱슬리브 1+1,"49,000",//cdn1-aka.makeshop.co.kr/shopimages/xexymix/0050040001753.jpg?1667179520
모크넥 핑거홀 베이직 티셔츠 1+1,"49,000",//cdn1-aka.makeshop.co.kr/shopimages/xexymix/0050040001863.jpg?1666244186
코튼라이크 핑거홀 롱슬리브 1+1,"42,000",//cdn1-aka.makeshop.co.kr/shopimages/xexymix/0050040001743.jpg?1664416916
슬림핏 크롭 집업자켓 1+1,"85,000",//cdn1-aka.makeshop.co.kr/shopimages/xexymix/0050010001893.jpg?1663829040
젤라 인텐션 슬림핏 집업자켓 1+1,"93,000",//cdn1-aka.makeshop.co.kr/shopimages/xexymix/0050010001623.jpg?1663039721
올데이페더 크롭탑 1+1,"27,000",/shopimages/xexymix/0050040000963.jpg?1629351699
소프트터치 레이어드 롱슬리브 SET,"32,000",/shopimages/xexymix/0050030007513.jpg?1632887451
아이스페더 오버핏 티셔츠 1+1,"28,800",/shopimages/xexymix/0050020009763.jpg?1653272068
아이스페더 1+1 ,"24,000",/shopimages/xexymix/0050020003873.jpg?1648603806
아이스페더 컴포트 1+1,"24,000",/shopimages/xexymix/0050020007993.jpg?1646200231
언밸런스 트임 숏슬리브 1+1,"44,000",/shopimages/xexymix/0050020010333.jpg?1661821355
인패드 크롭 슬림핏 숏슬리브 1+1,"42,000",/shopimages/xexymix/0050020010343.jpg?1668500327
젤라 인텐션 브이넥 브라탑 1+1,"46,000",/shopimages/xexymix/0050030008563.jpg?1668499810
랩 커버업 숏슬리브 1+1,"28,000",/shopimages/xexymix/0050020010353.jpg?1668500881
밴드로고 브라탑 1+1,"42,000",/shopimages/xexymix/0050030008573.jpg?1668500707
프레쉬페더 트위스트 크롭 숏슬리브 1+1,"24,000",/shopimages/xexymix/0050020009253.jpg?1655267733
에어센트 숏슬리브 1+1 ,"24,000",/shopimages/xexymix/0050020004563.jpg?1629191910
메쉬 스트링 숏슬리브 1+1,"34,000",/shopimages/xexymix/0050020008863.jpg?1625195434
하이디 베이직 브라탑 1+1 ,"49,000",/shopimages/xexymix/0050030004823.jpg?1668480500
X-스트랩 브라탑 1+1,"49,000",/shopimages/xexymix/0050030007483.jpg?1654766235
에어바운스 셔링 숏슬리브 1+1,"36,000",/shopimages/xexymix/0050020010073.jpg?1655171418
젤라라이트 라운드 크롭탑 1+1,"29,000",/shopimages/xexymix/0050020010083.jpg?1655367297
젤라 인텐션 엑스 커버 브라탑 1+1,"43,000",/shopimages/xexymix/0050030008423.jpg?1653551962
인패드 슬림핏 숏슬리브 1+1,"54,000",/shopimages/xexymix/0050020007323.jpg?1648706439
코튼라이크 퍼펙트핏 숏슬리브 1+1,"34,000",/shopimages/xexymix/0050020009143.jpg?1632988842
젤라라이트 라운드 슬리브리스 1+1,"28,000",/shopimages/xexymix/0050020010093.jpg?1661484951
블랙라벨 시그니처 380N 서포트탑 1+1,"56,000",/shopimages/xexymix/0050050002843.jpg?1653974959
젤라 인텐션 스퀘어 브라탑 1+1,"44,000",/shopimages/xexymix/0050030007243.jpg?1629179320
메쉬 크로스 숏슬리브 1+1,"49,000",/shopimages/xexymix/0050020007783.jpg?1610536117
프레쉬페더 루즈핏 크로스 오픈 티셔츠 1+1,"39,000",/shopimages/xexymix/0050020008153.jpg?1626330723
젤라 인텐션 와이드 스퀘어 크롭탑 1+1,"39,000",/shopimages/xexymix/0050020009283.jpg?1654766067
소프트터치 레이어드 숏슬리브 SET,"29,000",/shopimages/xexymix/0050030007523.jpg?1632907024
베이직 플레인 요가탑/크롭탑 1+1,"46,800",/shopimages/xexymix/0050050002613.jpg?1638164120
글로리아 스퀘어 브라탑 1+1,"49,000",/shopimages/xexymix/0050030008453.gif?1625195281
젤라 인텐션 스퀘어 크롭탑 1+1,"21,000",/shopimages/xexymix/0050020008223.jpg?1626757950
모크넥 슬림핏 롱슬리브 블랙,"29,000",/shopimages/xexymix/0050040001663.jpg?1667195378
모크넥 슬림핏 롱슬리브 백아이보리,"29,000",/shopimages/xexymix/0050040001683.jpg?1667195224
모크넥 슬림핏 롱슬리브 차콜그레이,"29,000",/shopimages/xexymix/0050040001673.jpg?1667195308
모크넥 슬림핏 롱슬리브 어썸네이비,"29,000",/shopimages/xexymix/0050040001733.jpg?1667194853
모크넥 슬림핏 롱슬리브 무스크림,"29,000",/shopimages/xexymix/0050040001693.jpg?1667195121
모크넥 슬림핏 롱슬리브 타바코와인,"29,000",/shopimages/xexymix/0050040001723.jpg?1667194940
모크넥 슬림핏 롱슬리브 세피아,"29,000",/shopimages/xexymix/0050040001713.jpg?1667194729
모크넥 슬림핏 롱슬리브 핑크라떼,"29,000",/shopimages/xexymix/0050040001703.jpg?1667195018
모크넥 핑거홀 베이직 티셔츠 블랙,"26,000",/shopimages/xexymix/0050040001763.jpg?1666247952
모크넥 핑거홀 베이직 티셔츠 애쉬크림,"26,000",/shopimages/xexymix/0050040001783.jpg?1666248092
모크넥 핑거홀 베이직 티셔츠 카페라떼,"26,000",/shopimages/xexymix/0050040001793.jpg?1666248372
모크넥 핑거홀 베이직 티셔츠 초코브레드,"26,000",/shopimages/xexymix/0050040001823.jpg?1666248606
모크넥 핑거홀 베이직 티셔츠 라일락브리즈,"26,000",/shopimages/xexymix/0050040001853.jpg?1666249972
모크넥 핑거홀 베이직 티셔츠 스톤네이비,"26,000",/shopimages/xexymix/0050040001843.jpg?1666248795
모크넥 핑거홀 베이직 티셔츠 블루밍그레이,"26,000",/shopimages/xexymix/0050040001773.jpg?1666249952
모크넥 핑거홀 베이직 티셔츠 피치블럼,"26,000",/shopimages/xexymix/0050040001813.gif?1666579429
모크넥 핑거홀 베이직 티셔츠 시머민트,"26,000",/shopimages/xexymix/0050040001833.jpg?1666248742
모크넥 핑거홀 베이직 티셔츠 코퍼로즈,"26,000",/shopimages/xexymix/0050040001803.jpg?1666248445
코튼라이크 핑거홀 롱슬리브 블랙,"26,100",/shopimages/xexymix/0050040001503.jpg?1664414134
코튼라이크 핑거홀 롱슬리브 백아이보리,"26,100",/shopimages/xexymix/0050040001593.jpg?1664412616
코튼라이크 핑거홀 롱슬리브 도스킨베이지,"26,100",/shopimages/xexymix/0050040001513.jpg?1664414032
코튼라이크 핑거홀 롱슬리브 제트챠콜,"26,100",/shopimages/xexymix/0050040001523.jpg?1664413924
코튼라이크 핑거홀 롱슬리브 밀키피치,"26,100",/shopimages/xexymix/0050040001533.jpg?1664862524
코튼라이크 핑거홀 롱슬리브 세이지모스,"26,100",/shopimages/xexymix/0050040001543.jpg?1664416132
코튼라이크 핑거홀 롱슬리브 골드키위,"26,100",/shopimages/xexymix/0050040001553.jpg?1664413671
코튼라이크 핑거홀 롱슬리브 밀키퍼플,"26,100",/shopimages/xexymix/0050040001563.jpg?1664862509
코튼라이크 핑거홀 롱슬리브 시머그레이,"26,100",/shopimages/xexymix/0050040001573.jpg?1664413485
코튼라이크 핑거홀 롱슬리브 드림블루,"26,100",/shopimages/xexymix/0050040001583.jpg?1664413379
백 오픈 롱슬리브 블랙,"28,800",/shopimages/xexymix/0050040001603.jpg?1663723349
백 오픈 롱슬리브 크림아이보리,"28,800",/shopimages/xexymix/0050040001653.jpg?1663724031
백 오픈 롱슬리브 제트네이비,"28,800",/shopimages/xexymix/0050040001643.jpg?1663723948
백 오픈 롱슬리브 클라우드미스트,"28,800",/shopimages/xexymix/0050040001623.jpg?1663723665
백 오픈 롱슬리브 산토리니블루,"28,800",/shopimages/xexymix/0050040001613.jpg?1663723588
백 오픈 롱슬리브 바나나쥬스,"28,800",/shopimages/xexymix/0050040001633.jpg?1663723835
젤라 인텐션 슬림핏 집업자켓 시머네이비,"48,600",/shopimages/xexymix/0050010001883.jpg?1662543114
젤라 인텐션 슬림핏 집업자켓 레이니데이,"48,600",/shopimages/xexymix/0050010001853.jpg?1663043944
젤라 인텐션 슬림핏 집업자켓 스완베이지,"48,600",/shopimages/xexymix/0050010001863.jpg?1663043720
젤라 인텐션 슬림핏 집업자켓 어썸피치,"48,600",/shopimages/xexymix/0050010001873.jpg?1663044086
젤라 인텐션 슬림핏 집업자켓 블랙,"48,600",/shopimages/xexymix/0050010001523.jpg?1637127434
젤라 인텐션 슬림핏 집업자켓 로즈토프,"48,600",/shopimages/xexymix/0050010001593.jpg?1642499909
젤라 인텐션 슬림핏 집업자켓 백아이보리,"48,600",/shopimages/xexymix/0050010001563.jpg?1642499708
젤라 인텐션 슬림핏 집업자켓 멜로우그레이,"48,600",/shopimages/xexymix/0050010001543.jpg?1633597011
젤라 인텐션 슬림핏 집업자켓 딜카키,"48,600",/shopimages/xexymix/0050010001603.jpg?1642559978
젤라 인텐션 슬림핏 집업자켓 아이싱민트,"48,600",/shopimages/xexymix/0050010001553.jpg?1633593173
젤라 인텐션 슬림핏 집업자켓 어썸차콜,"48,600",/shopimages/xexymix/0050010001573.jpg?1642494222
젤라 인텐션 슬림핏 집업자켓 번트레드,"48,600",/shopimages/xexymix/0050010001583.jpg?1642492266
젤라 인텐션 슬림핏 집업자켓 밀키피치,"48,600",/shopimages/xexymix/0050010001533.jpg?1633592722
올데이페더 크롭탑 블랙,"17,100",/shopimages/xexymix/0050040000373.jpg?1626076501
올데이페더 크롭탑 콜링그레이,"17,100",/shopimages/xexymix/0050040000993.jpg?1632363521
올데이페더 크롭탑 제이드민트,"17,100",/shopimages/xexymix/0050040000383.jpg?1627896169
올데이페더 크롭탑 프리즘바이올렛,"17,100",/shopimages/xexymix/0050040000413.jpg?1631763180
올데이페더 크롭탑 메이플베이지,"17,100",/shopimages/xexymix/0050040000363.jpg?1626076427
올데이페더 크롭탑 푸시아핑크,"17,100",/shopimages/xexymix/0050040000403.jpg?1626076482
올데이페더 크롭탑 포레스트카키,"17,100",/shopimages/xexymix/0050040000393.jpg?1626076455
올데이페더 크롭탑 오렌지팝,"17,100",/shopimages/xexymix/0050040001003.jpg?1632364030
올데이페더 크롭탑 라임에이드,"17,100",/shopimages/xexymix/0050040001013.jpg?1632363909
올데이페더 크롭탑 이브닝핑크,"17,100",/shopimages/xexymix/0050040000973.jpg?1632363615
슬림핏 크롭 집업자켓 모스나이트,"43,200",/shopimages/xexymix/0050010001843.jpg?1663814595
슬림핏 크롭 집업자켓 크림베일,"43,200",/shopimages/xexymix/0050010001783.jpg?1663813687
슬림핏 크롭 집업자켓 우드애쉬,"43,200",/shopimages/xexymix/0050010001793.jpg?1663816681
슬림핏 크롭 집업자켓 핑키베이지,"43,200",/shopimages/xexymix/0050010001803.jpg?1663813912
슬림핏 크롭 집업자켓 실버세이지,"43,200",/shopimages/xexymix/0050010001823.jpg?1663814166
슬림핏 크롭 집업자켓 민트헤이즈,"43,200",/shopimages/xexymix/0050010001833.jpg?1663814409
슬림핏 크롭 집업자켓 올드로즈,"43,200",/shopimages/xexymix/0050010001813.jpg?1663816631
슬림핏 크롭 집업자켓 블랙,"43,200",/shopimages/xexymix/0050010001423.jpg?1631244302
